rbi,hr,obp,avg,age,avg pred,avg real,error,avg avg,abs error,
22,5,0.338,0.241,1991,0.233923402,0.197,0.036923402,0.003163185,0.033760217,0.035292571
33,11,0.323,0.256,1989,0.241131521,0.217,0.024131521,,0.024131521,
56,14,0.361,0.287,1988,0.252815232,0.284,-0.031184768,,0.031184768,
82,27,0.308,0.269,1985,0.268064591,0.265,0.003064591,,0.003064591,
54,13,0.307,0.242,1994,0.246812729,0.238,0.008812729,,0.008812729,
83,18,0.334,0.287,1979,0.269391029,0.3,-0.030608971,,0.030608971,
90,28,0.35,0.275,1982,0.274337046,0.285,-0.010662954,,0.010662954,
95,40,0.307,0.244,1980,0.280491914,0.268,0.012491914,,0.012491914,
47,3,0.293,0.257,1986,0.24476628,0.261,-0.01623372,,0.01623372,
48,13,0.377,0.271,1984,0.251979687,0.22,0.031979687,,0.031979687,
44,4,0.321,0.265,1989,0.242925391,0.281,-0.038074609,,0.038074609,
15,2,0.307,0.255,1985,0.232800769,0.236,-0.003199231,,0.003199231,
25,5,0.344,0.264,1990,0.235832452,0.27,-0.034167548,,0.034167548,
101,31,0.387,0.278,1989,0.276637793,0.292,-0.015362207,,0.015362207,
1,0,0.361,0.207,1989,0.225700975,0.156,0.069700975,,0.069700975,
11,3,0.215,0.168,1992,0.225313687,0.125,0.100313687,,0.100313687,
0,0,0,0,1988,0.216946567,0.242,-0.025053433,,0.025053433,
59,13,0.309,0.257,1991,0.250578498,0.245,0.005578498,,0.005578498,
28,4,0.274,0.226,1990,0.234883293,0.26,-0.025116707,,0.025116707,
68,18,0.356,0.28,1988,0.258849647,0.275,-0.016150353,,0.016150353,
84,21,0.321,0.256,1987,0.265897681,0.275,-0.009102319,,0.009102319,
66,16,0.343,0.259,1983,0.259876892,0.261,-0.001123108,,0.001123108,
94,26,0.32,0.232,1984,0.273264763,0.242,0.031264763,,0.031264763,
45,2,0.349,0.28,1988,0.243894192,0.255,-0.011105808,,0.011105808,
99,42,0.46,0.33,1992,0.279877772,0.243,0.036877772,,0.036877772,
95,19,0.379,0.318,1987,0.271043804,0.288,-0.016956196,,0.016956196,
6,2,0.25,0.209,1993,0.22337824,0.225,-0.00162176,,0.00162176,
51,16,0.3,0.262,1990,0.248847253,0.278,-0.029152747,,0.029152747,
49,11,0.299,0.234,1986,0.248528748,0.174,0.074528748,,0.074528748,
68,22,0.345,0.279,1994,0.256534698,0.274,-0.017465302,,0.017465302,
97,40,0.325,0.271,1985,0.278923518,0.298,-0.019076482,,0.019076482,
0,0,0.172,0.143,1991,0.219565205,0.237,-0.017434795,,0.017434795,
85,19,0.357,0.231,1986,0.267043425,0.259,0.008043425,,0.008043425,
35,1,0.339,0.272,1990,0.238210101,0.294,-0.055789899,,0.055789899,
58,17,0.347,0.287,1986,0.255472563,0.324,-0.068527437,,0.068527437,
3,0,0.122,0.104,1987,0.221692452,0.089,0.132692452,,0.132692452,
62,11,0.324,0.259,1984,0.255464942,0.253,0.002464942,,0.002464942,
8,1,0.28,0.217,1992,0.225095637,0.274,-0.048904363,,0.048904363,
117,47,0.361,0.262,1986,0.289398793,0.221,0.068398793,,0.068398793,
10,2,0.214,0.146,1987,0.227352478,0.284,-0.056647522,,0.056647522,
34,10,0.293,0.188,1983,0.243791043,0.21,0.033791043,,0.033791043,
43,4,0.264,0.227,1991,0.239925017,0.277,-0.037074983,,0.037074983,
42,14,0.32,0.252,1983,0.24909723,0.276,-0.02690277,,0.02690277,
44,7,0.366,0.3,1991,0.244000328,0.298,-0.053999672,,0.053999672,
61,25,0.314,0.238,1986,0.258621252,0.206,0.052621252,,0.052621252,
31,10,0.333,0.304,1989,0.240287056,0.245,-0.004712944,,0.004712944,
17,4,0.425,0.337,1994,0.232150133,0.308,-0.075849867,,0.075849867,
21,4,0.333,0.271,1991,0.233087284,0.229,0.004087284,,0.004087284,
3,0,0.196,0.12,1983,0.225749332,0.147,0.078749332,,0.078749332,
22,5,0.283,0.205,1986,0.235377358,0.264,-0.028622642,,0.028622642,
78,17,0.371,0.312,1987,0.26342954,0.251,0.01242954,,0.01242954,
46,4,0.359,0.333,1988,0.245300904,0.268,-0.022699096,,0.022699096,
37,2,0.344,0.261,1992,0.238316531,0.209,0.029316531,,0.029316531,
24,10,0.346,0.256,1989,0.237820149,0.279,-0.041179851,,0.041179851,
3,1,0.268,0.226,1990,0.22401818,0.083,0.14101818,,0.14101818,
35,8,0.361,0.304,1991,0.240697989,0.3,-0.059302011,,0.059302011,
46,17,0.346,0.25,1986,0.2506689,0.276,-0.0253311,,0.0253311,
56,9,0.318,0.265,1990,0.248780457,0.276,-0.027219543,,0.027219543,
5,0,0.307,0.235,1992,0.224269553,0.1,0.124269553,,0.124269553,
61,6,0.358,0.301,1988,0.251876766,0.348,-0.096123234,,0.096123234,
42,12,0.356,0.291,1983,0.249322276,0.318,-0.068677724,,0.068677724,
50,13,0.289,0.267,1991,0.246539036,0.269,-0.022460964,,0.022460964,
111,39,0.372,0.277,1983,0.286320222,0.263,0.023320222,,0.023320222,
11,0,0.303,0.186,1989,0.228122816,0.254,-0.025877184,,0.025877184,
0,0,0,0,1990,0.215837022,0,0.215837022,,0.215837022,
62,7,0.309,0.258,1988,0.251354566,0.302,-0.050645434,,0.050645434,
45,6,0.338,0.303,1990,0.243916791,0.291,-0.047083209,,0.047083209,
22,7,0.346,0.307,1991,0.234889323,0.19,0.044889323,,0.044889323,
93,18,0.363,0.297,1989,0.26832756,0.266,0.00232756,,0.00232756,
48,13,0.315,0.28,1991,0.246416128,0.248,-0.001583872,,0.001583872,
88,27,0.285,0.246,1986,0.269245616,0.251,0.018245616,,0.018245616,
73,21,0.328,0.27,1985,0.262900749,0.273,-0.010099251,,0.010099251,
43,7,0.37,0.295,1986,0.24657197,0.264,-0.01742803,,0.01742803,
51,12,0.353,0.313,1993,0.247074777,0.301,-0.053925223,,0.053925223,
66,18,0.37,0.276,1989,0.257831692,0.302,-0.044168308,,0.044168308,
50,7,0.302,0.263,1989,0.245876592,0.241,0.004876592,,0.004876592,
0,0,0,0,1992,0.214729507,0.299,-0.084270493,,0.084270493,
41,16,0.367,0.276,1989,0.247168611,0.261,-0.013831389,,0.013831389,
2,0,0.177,0.15,1990,0.221011108,0.2,0.021011108,,0.021011108,
67,27,0.346,0.265,1989,0.260808659,0.24,0.020808659,,0.020808659,
0,0,0,0,1987,0.217502064,0.259,-0.041497936,,0.041497936,
4,2,0.337,0.24,1989,0.227002042,0.276,-0.048997958,,0.048997958,
26,5,0.368,0.291,1983,0.240832673,0.224,0.016832673,,0.016832673,
52,9,0.32,0.256,1991,0.246669241,0.258,-0.011330759,,0.011330759,
53,19,0.291,0.249,1983,0.254487911,0.286,-0.031512089,,0.031512089,
40,9,0.327,0.275,1983,0.246729684,0.289,-0.042270316,,0.042270316,
62,19,0.29,0.233,1985,0.256853428,0.285,-0.028146572,,0.028146572,
21,1,0.282,0.229,1973,0.240967558,0.291,-0.050032442,,0.050032442,
47,10,0.29,0.259,1991,0.244308755,0.303,-0.058691245,,0.058691245,
43,10,0.335,0.249,1990,0.244425545,0.267,-0.022574455,,0.022574455,
4,0,0.226,0.186,1988,0.224117737,0.143,0.081117737,,0.081117737,
2,2,0.163,0.152,1986,0.223605442,0.262,-0.038394558,,0.038394558,
34,6,0.331,0.263,1990,0.239384374,0.249,-0.009615626,,0.009615626,
36,9,0.281,0.236,1991,0.239389958,0.209,0.030389958,,0.030389958,
41,7,0.297,0.264,1990,0.241639657,0.221,0.020639657,,0.020639657,
18,2,0.311,0.25,1984,0.234629428,0.278,-0.043370572,,0.043370572,
31,11,0.283,0.211,1987,0.240453435,0.21,0.030453435,,0.030453435,
60,13,0.359,0.293,1989,0.253419371,0.23,0.023419371,,0.023419371,
52,9,0.372,0.303,1987,0.25032011,0.275,-0.02467989,,0.02467989,
4,1,0.325,0.289,1992,0.224722055,0.273,-0.048277945,,0.048277945,
50,6,0.281,0.257,1990,0.244412763,0.319,-0.074587237,,0.074587237,
30,9,0.312,0.222,1984,0.241797518,0.263,-0.021202482,,0.021202482,
57,16,0.297,0.247,1988,0.2522756,0.243,0.0092756,,0.0092756,
12,2,0.214,0.161,1983,0.230398153,0.238,-0.007601847,,0.007601847,
0,0,0.5,0.5,1985,0.231206468,0.156,0.075206468,,0.075206468,
11,4,0.284,0.213,1991,0.227955482,0.252,-0.024044518,,0.024044518,
2,0,0.35,0.316,1990,0.225360355,0,0.225360355,,0.225360355,
7,1,0.195,0.157,1988,0.224833952,0.48,-0.255166048,,0.255166048,
1,1,0.5,0.5,1990,0.22913123,0.234,-0.00486877,,0.00486877,
54,26,0.346,0.21,1992,0.253539947,0.246,0.007539947,,0.007539947,
66,10,0.338,0.265,1983,0.257623698,0.261,-0.003376302,,0.003376302,
37,8,0.378,0.312,1990,0.242486383,0.239,0.003486383,,0.003486383,
14,6,0.301,0.204,1993,0.22909193,0.04,0.18909193,,0.18909193,
80,29,0.459,0.314,1983,0.272954432,0.326,-0.053045568,,0.053045568,
1,0,0.091,0.063,1989,0.219026034,0.5,-0.280973966,,0.280973966,
0,0,0.108,0.065,1984,0.221850388,0.102,0.119850388,,0.119850388,
34,3,0.293,0.244,1986,0.239647442,0.256,-0.016352558,,0.016352558,
1,0,0.417,0.3,1993,0.224900089,0.282,-0.057099911,,0.057099911,
47,10,0.324,0.262,1992,0.244587549,0.238,0.006587549,,0.006587549,
101,30,0.347,0.29,1987,0.276431242,0.293,-0.016568758,,0.016568758,
66,15,0.353,0.313,1990,0.255794836,0.338,-0.082205164,,0.082205164,
23,2,0.347,0.3,1990,0.234101507,0.255,-0.020898493,,0.020898493,
20,3,0.279,0.199,1984,0.23492515,0.232,0.00292515,,0.00292515,
1,0,0.25,0.182,1994,0.22019269,0.324,-0.10380731,,0.10380731,
5,1,0.247,0.23,1989,0.224839791,0.154,0.070839791,,0.070839791,
27,6,0.291,0.219,1992,0.234473485,0.312,-0.077526515,,0.077526515,
28,4,0.327,0.287,1987,0.237964274,0.283,-0.045035726,,0.045035726,
34,9,0.3,0.249,1988,0.240808811,0.256,-0.015191189,,0.015191189,
0,0,0.13,0.048,1989,0.219576002,0.261,-0.041423998,,0.041423998,
41,6,0.289,0.259,1989,0.241653887,0.239,0.002653887,,0.002653887,
2,0,0.13,0.096,1991,0.219264594,0.204,0.015264594,,0.015264594,
59,18,0.299,0.226,1986,0.25495768,0.217,0.03795768,,0.03795768,
60,16,0.37,0.294,1984,0.257640834,0.275,-0.017359166,,0.017359166,
4,1,0.255,0.174,1992,0.222915045,0.176,0.046915045,,0.046915045,
20,2,0.358,0.303,1990,0.233206719,0.292,-0.058793281,,0.058793281,
106,22,0.362,0.29,1983,0.278240765,0.263,0.015240765,,0.015240765,
0,0,0,0,1990,0.215837022,0.242,-0.026162978,,0.026162978,
17,2,0.351,0.283,1993,0.230149243,0.259,-0.028850757,,0.028850757,
40,10,0.298,0.263,1990,0.242336433,0.246,-0.003663567,,0.003663567,
56,12,0.314,0.278,1989,0.250338306,0.266,-0.015661694,,0.015661694,
21,3,0.28,0.219,1991,0.231381269,0.197,0.034381269,,0.034381269,
66,27,0.323,0.247,1987,0.260965751,0.247,0.013965751,,0.013965751,
83,26,0.308,0.256,1987,0.266944705,0.271,-0.004055295,,0.004055295,
61,11,0.321,0.262,1990,0.251538485,0.24,0.011538485,,0.011538485,
99,26,0.369,0.275,1992,0.271918801,0.292,-0.020081199,,0.020081199,
50,5,0.296,0.24,1983,0.248443526,0.258,-0.009556474,,0.009556474,
43,16,0.355,0.246,1993,0.245332115,0,0.245332115,,0.245332115,
74,26,0.328,0.266,1987,0.263913603,0.278,-0.014086397,,0.014086397,
1,0,0.267,0.214,1991,0.222310172,0.229,-0.006689828,,0.006689828,
54,17,0.302,0.225,1987,0.252126907,0.238,0.014126907,,0.014126907,
44,7,0.294,0.246,1988,0.243874167,0.286,-0.042125833,,0.042125833,
72,16,0.361,0.307,1986,0.26102294,0.287,-0.02597706,,0.02597706,
56,25,0.31,0.224,1985,0.257105451,0.26,-0.002894549,,0.002894549,
2,0,0.171,0.171,1991,0.220326922,0.227,-0.006673078,,0.006673078,
1,0,0.235,0.219,1990,0.222099547,0.223,-0.000900453,,0.000900453,
50,14,0.343,0.28,1992,0.24768613,0.255,-0.00731387,,0.00731387,
44,10,0.308,0.259,1990,0.24415428,0.266,-0.02184572,,0.02184572,
45,15,0.31,0.257,1990,0.246373327,0.238,0.008373327,,0.008373327,
70,16,0.315,0.254,1989,0.257291779,0.122,0.135291779,,0.135291779,
48,13,0.315,0.23,1983,0.250964915,0.282,-0.031035085,,0.031035085,
63,9,0.338,0.288,1983,0.256103758,0.305,-0.048896242,,0.048896242,
34,12,0.317,0.279,1989,0.241751679,0.254,-0.012248321,,0.012248321,
84,28,0.365,0.272,1985,0.270643331,0.271,-0.000356669,,0.000356669,
35,4,0.394,0.279,1980,0.246365368,0.246,0.000365368,,0.000365368,
21,5,0.272,0.174,1984,0.235823801,0.242,-0.006176199,,0.006176199,
25,8,0.319,0.267,1986,0.238558046,0.243,-0.004441954,,0.004441954,
0,0,0.143,0.143,1993,0.217751629,0.235,-0.017248371,,0.017248371,
0,0,0.239,0.217,1984,0.22517307,0.186,0.03917307,,0.03917307,
63,14,0.282,0.229,1991,0.251804248,0.231,0.020804248,,0.020804248,
84,15,0.379,0.31,1987,0.265286573,0.231,0.034286573,,0.034286573,
26,9,0.335,0.27,1993,0.235709733,0.22,0.015709733,,0.015709733,
76,18,0.44,0.338,1983,0.267048303,0.316,-0.048951697,,0.048951697,
17,1,0.329,0.282,1989,0.231524112,0.247,-0.015475888,,0.015475888,
52,18,0.385,0.269,1993,0.250365604,0.236,0.014365604,,0.014365604,
90,41,0.402,0.299,1991,0.275094129,0.315,-0.039905871,,0.039905871,
28,11,0.23,0.174,1991,0.235644182,0.207,0.028644182,,0.028644182,
19,9,0.351,0.295,1989,0.235673762,0.195,0.040673762,,0.040673762,
85,23,0.33,0.278,1985,0.268397302,0.233,0.035397302,,0.035397302,
77,18,0.341,0.291,1992,0.259727789,0.318,-0.058272211,,0.058272211,
93,44,0.369,0.302,1980,0.282697211,0.287,-0.004302789,,0.004302789,
73,15,0.303,0.255,1992,0.25608286,0.285,-0.02891714,,0.02891714,
34,9,0.275,0.226,1990,0.239020399,0.218,0.021020399,,0.021020399,
43,10,0.339,0.301,1983,0.248592786,0.26,-0.011407214,,0.011407214,
53,3,0.37,0.296,1983,0.250820423,0.269,-0.018179577,,0.018179577,
130,42,0.323,0.287,1991,0.288925882,0.294,-0.005074118,,0.005074118,
41,8,0.344,0.297,1991,0.242624859,0.286,-0.043375141,,0.043375141,
3,0,0.214,0.12,1989,0.222820878,0.306,-0.083179122,,0.083179122,
110,33,0.435,0.321,1987,0.283224909,0.297,-0.013775091,,0.013775091,
27,7,0.269,0.249,1985,0.238302975,0.302,-0.063697025,,0.063697025,
13,4,0.29,0.2,1987,0.231124774,0.251,-0.019875226,,0.019875226,
47,17,0.329,0.276,1991,0.247791679,0.24,0.007791679,,0.007791679,
5,1,0.222,0.143,1989,0.224149623,0.28,-0.055850377,,0.055850377,
0,0,0.097,0.097,1991,0.217711138,0.189,0.028711138,,0.028711138,
21,7,0.348,0.228,1988,0.236179499,0.183,0.053179499,,0.053179499,
79,21,0.334,0.287,1982,0.267156874,0.298,-0.030843126,,0.030843126,
34,10,0.325,0.232,1984,0.244056984,0.224,0.020056984,,0.020056984,
1,0,0.429,0.333,1992,0.225782406,0.258,-0.032217594,,0.032217594,
61,16,0.316,0.261,1994,0.250884974,0.271,-0.020115026,,0.020115026,
77,23,0.329,0.24,1983,0.26633036,0.231,0.03533036,,0.03533036,
84,25,0.356,0.285,1983,0.270516395,0.305,-0.034483605,,0.034483605,
45,5,0.318,0.25,1988,0.244159455,0.186,0.058159455,,0.058159455,
7,4,0.221,0.193,1990,0.2254222,0.258,-0.0325778,,0.0325778,
73,16,0.308,0.249,1984,0.261176882,0.218,0.043176882,,0.043176882,
70,21,0.28,0.26,1990,0.257614911,0.247,0.010614911,,0.010614911,
3,0,0.238,0.184,1989,0.223463569,0.31,-0.086536431,,0.086536431,
29,6,0.294,0.264,1990,0.236511795,0.263,-0.026488205,,0.026488205,
4,3,0.325,0.25,1990,0.226506386,0.265,-0.038493614,,0.038493614,
82,22,0.375,0.276,1982,0.269711902,0.242,0.027711902,,0.027711902,
69,11,0.296,0.265,1990,0.254067376,0.27,-0.015932624,,0.015932624,
81,19,0.337,0.287,1988,0.263864937,0.311,-0.047135063,,0.047135063,
39,7,0.359,0.305,1991,0.241864813,0.273,-0.031135187,,0.031135187,
0,0,0.175,0.132,1988,0.221301742,0.208,0.013301742,,0.013301742,
40,16,0.318,0.225,1989,0.245502648,0.247,-0.001497352,,0.001497352,
0,0,0.185,0.185,1986,0.222712166,0.125,0.097712166,,0.097712166,
11,1,0.324,0.269,1989,0.229064789,0.27,-0.040935211,,0.040935211,
41,12,0.34,0.268,1989,0.245066384,0.247,-0.001933616,,0.001933616,
12,2,0.245,0.211,1991,0.226686309,0.245,-0.018313691,,0.018313691,
36,13,0.327,0.27,1990,0.242559375,0.242,0.000559375,,0.000559375,
1,1,0.295,0.225,1993,0.222226049,0.342,-0.119773951,,0.119773951,
18,3,0.324,0.252,1991,0.231330326,0.257,-0.025669674,,0.025669674,
39,9,0.295,0.239,1986,0.243784246,0.27,-0.026215754,,0.026215754,
64,11,0.301,0.245,1978,0.259113738,0.289,-0.029886262,,0.029886262,
29,8,0.336,0.253,1990,0.238248884,0.259,-0.020751116,,0.020751116,
0,0,0.182,0.182,1992,0.219285884,0.276,-0.056714116,,0.056714116,
59,16,0.295,0.263,1991,0.251300638,0.267,-0.015699362,,0.015699362,
81,7,0.355,0.32,1992,0.257761642,0.294,-0.036238358,,0.036238358,
61,4,0.31,0.27,1982,0.253386594,0.307,-0.053613406,,0.053613406,
45,12,0.267,0.231,1987,0.245929277,0.167,0.078929277,,0.078929277,
63,14,0.32,0.27,1987,0.255110334,0.286,-0.030889666,,0.030889666,
38,11,0.322,0.255,1990,0.242496421,0.263,-0.020503579,,0.020503579,
47,16,0.353,0.234,1988,0.249719779,0.228,0.021719779,,0.021719779,
31,5,0.268,0.224,1992,0.235114248,0.208,0.027114248,,0.027114248,
28,9,0.31,0.258,1985,0.240426623,0.252,-0.011573377,,0.011573377,
3,2,0.232,0.224,1983,0.227421786,0.212,0.015421786,,0.015421786,
49,14,0.33,0.266,1987,0.24982838,0.257,-0.00717162,,0.00717162,
65,19,0.34,0.272,1991,0.255880253,0.181,0.074880253,,0.074880253,
52,15,0.372,0.266,1989,0.251270536,0.248,0.003270536,,0.003270536,
13,2,0.393,0.297,1988,0.232470005,0.301,-0.068529995,,0.068529995,
73,26,0.322,0.285,1985,0.264534247,0.281,-0.016465753,,0.016465753,
43,12,0.304,0.239,1994,0.242054733,0.25,-0.007945267,,0.007945267,
71,17,0.383,0.312,1979,0.265555362,0.273,-0.007444638,,0.007444638,
30,3,0.287,0.242,1982,0.240214398,0.237,0.003214398,,0.003214398,
101,23,0.286,0.241,1980,0.276385283,0.245,0.031385283,,0.031385283,
54,6,0.272,0.25,1986,0.248058423,0.231,0.017058423,,0.017058423,
45,9,0.293,0.208,1984,0.247214099,0.245,0.002214099,,0.002214099,
69,14,0.331,0.278,1989,0.256611727,0.292,-0.035388273,,0.035388273,
25,4,0.289,0.233,1985,0.236940039,0.21,0.026940039,,0.026940039,
100,25,0.403,0.301,1990,0.273991849,0.308,-0.034008151,,0.034008151,
109,32,0.392,0.273,1989,0.280227247,0.283,-0.002772753,,0.002772753,
38,8,0.408,0.289,1989,0.244175753,0.205,0.039175753,,0.039175753,
55,18,0.262,0.214,1992,0.248980211,0.231,0.017980211,,0.017980211,
21,2,0.272,0.218,1988,0.23253507,0.244,-0.01146493,,0.01146493,
80,18,0.38,0.33,1991,0.26251365,0.236,0.02651365,,0.02651365,
38,4,0.299,0.247,1990,0.239431578,0.236,0.003431578,,0.003431578,
51,18,0.355,0.241,1988,0.252067503,0.253,-0.000932497,,0.000932497,
77,14,0.305,0.253,1987,0.26024329,0.254,0.00624329,,0.00624329,
63,21,0.35,0.264,1983,0.260644921,0.236,0.024644921,,0.024644921,
62,18,0.323,0.241,1984,0.257911169,0.212,0.045911169,,0.045911169,
7,0,0.305,0.2,1988,0.22720576,0.277,-0.04979424,,0.04979424,
87,29,0.413,0.319,1992,0.269421634,0.249,0.020421634,,0.020421634,
67,12,0.4,0.32,1987,0.258039414,0.284,-0.025960586,,0.025960586,
51,16,0.314,0.253,1993,0.247462659,0.156,0.091462659,,0.091462659,
56,16,0.305,0.248,1990,0.250931034,0.253,-0.002068966,,0.002068966,
28,8,0.287,0.256,1986,0.238930134,0.219,0.019930134,,0.019930134,
84,24,0.391,0.315,1994,0.264757385,0.239,0.025757385,,0.025757385,
57,14,0.339,0.262,1985,0.254360235,0.276,-0.021639765,,0.021639765,
11,0,0.203,0.177,1991,0.224546489,0.242,-0.017453511,,0.017453511,
79,23,0.363,0.259,1986,0.26627336,0.229,0.03727336,,0.03727336,
34,9,0.373,0.294,1990,0.241520843,0.253,-0.011479157,,0.011479157,
104,37,0.399,0.331,1986,0.281956005,0.291,-0.009043995,,0.009043995,
3,0,0.135,0.135,1987,0.222037234,0.089,0.133037234,,0.133037234,
61,12,0.352,0.273,1984,0.256142195,0.115,0.141142195,,0.141142195,
18,2,0.275,0.231,1992,0.229189646,0.194,0.035189646,,0.035189646,
61,26,0.309,0.215,1986,0.258827353,0.168,0.090827353,,0.090827353,
27,10,0.273,0.181,1987,0.238255928,0.237,0.001255928,,0.001255928,
43,17,0.354,0.254,1983,0.251406542,0.224,0.027406542,,0.027406542,
51,12,0.299,0.268,1991,0.246828753,0.206,0.040828753,,0.040828753,
25,7,0.322,0.235,1983,0.239957926,0.168,0.071957926,,0.071957926,
81,18,0.369,0.282,1991,0.262583309,0.326,-0.063416691,,0.063416691,
23,9,0.318,0.281,1986,0.238117322,0.133,0.105117322,,0.105117322,
62,27,0.325,0.282,1989,0.258321675,0.3,-0.041678325,,0.041678325,
77,22,0.375,0.295,1994,0.26086098,0.267,-0.00613902,,0.00613902,
46,13,0.322,0.264,1991,0.245788323,0.235,0.010788323,,0.010788323,
11,2,0.333,0.257,1983,0.233016916,0.269,-0.035983084,,0.035983084,
51,10,0.332,0.233,1986,0.249787443,0.238,0.011787443,,0.011787443,
57,14,0.352,0.293,1987,0.253566067,0.293,-0.039433933,,0.039433933,
33,2,0.341,0.308,1988,0.239009518,0.268,-0.028990482,,0.028990482,
22,6,0.347,0.269,1992,0.233955817,0.216,0.017955817,,0.017955817,
53,13,0.334,0.249,1989,0.249984544,0.265,-0.015015456,,0.015015456,
27,4,0.259,0.211,1990,0.234108355,0.167,0.067108355,,0.067108355,
24,5,0.291,0.259,1991,0.233560582,0.232,0.001560582,,0.001560582,
64,18,0.363,0.264,1986,0.258579691,0.18,0.078579691,,0.078579691,
87,25,0.318,0.287,1990,0.266722585,0.268,-0.001277415,,0.001277415,
11,1,0.302,0.259,1992,0.226825226,0.206,0.020825226,,0.020825226,
64,8,0.374,0.31,1988,0.254186951,0.276,-0.021813049,,0.021813049,
62,7,0.369,0.293,1983,0.255778208,0.091,0.164778208,,0.164778208,
78,27,0.328,0.29,1991,0.263567956,0.288,-0.024432044,,0.024432044,
107,38,0.377,0.258,1983,0.284536156,0.246,0.038536156,,0.038536156,
24,2,0.324,0.265,1989,0.234460046,0.251,-0.016539954,,0.016539954,
19,1,0.265,0.223,1990,0.230105423,0.286,-0.055894577,,0.055894577,
88,20,0.337,0.297,1988,0.266987353,0.256,0.010987353,,0.010987353,
57,11,0.35,0.304,1990,0.250729731,0.265,-0.014270269,,0.014270269,
37,11,0.308,0.215,1991,0.241143174,0.256,-0.014856826,,0.014856826,
94,25,0.385,0.318,1989,0.271774182,0.253,0.018774182,,0.018774182,
82,26,0.367,0.26,1991,0.26574685,0.283,-0.01725315,,0.01725315,
55,12,0.311,0.263,1986,0.251581436,0.226,0.025581436,,0.025581436,
86,20,0.313,0.261,1985,0.26728388,0.244,0.02328388,,0.02328388,
31,5,0.342,0.249,1986,0.240399801,0.259,-0.018600199,,0.018600199,
89,33,0.337,0.273,1993,0.269079136,0.277,-0.007920864,,0.007920864,
71,28,0.403,0.307,1989,0.264217598,0.309,-0.044782402,,0.044782402,
61,12,0.309,0.255,1989,0.25216313,0.248,0.00416313,,0.00416313,
90,33,0.345,0.278,1992,0.27025373,0.186,0.08425373,,0.08425373,
85,34,0.367,0.283,1989,0.270921964,0.265,0.005921964,,0.005921964,
3,1,0.179,0.164,1990,0.221800042,0,0.221800042,,0.221800042,
132,59,0.376,0.281,1989,0.29787928,0.266,0.03187928,,0.03187928,
22,0,0.327,0.255,1987,0.234176874,0.234,0.000176874,,0.000176874,
20,2,0.365,0.253,1989,0.233898884,0.221,0.012898884,,0.012898884,
13,3,0.337,0.246,1983,0.234234643,0.217,0.017234643,,0.017234643,
35,11,0.305,0.251,1991,0.240318895,0.254,-0.013681105,,0.013681105,
62,23,0.32,0.242,1983,0.260183728,0.254,0.006183728,,0.006183728,
67,13,0.315,0.26,1983,0.258503116,0.226,0.032503116,,0.032503116,
40,7,0.326,0.274,1985,0.244847048,0.236,0.008847048,,0.008847048,
20,3,0.318,0.255,1973,0.24219294,0.205,0.03719294,,0.03719294,
65,17,0.332,0.278,1991,0.254972049,0.277,-0.022027951,,0.022027951,
63,17,0.323,0.245,1990,0.254500201,0.234,0.020500201,,0.020500201,
4,1,0.233,0.211,1988,0.224659408,0.164,0.060659408,,0.060659408,
5,1,0.145,0.131,1986,0.223948324,0.133,0.090948324,,0.090948324,
105,30,0.357,0.248,1990,0.276490442,0.222,0.054490442,,0.054490442,
35,16,0.319,0.243,1991,0.24243231,0.211,0.03143231,,0.03143231,
49,13,0.318,0.253,1990,0.247434313,0.22,0.027434313,,0.027434313,
30,5,0.324,0.251,1984,0.240705977,0.189,0.051705977,,0.051705977,
47,10,0.333,0.242,1987,0.247668053,0.143,0.104668053,,0.104668053,
59,11,0.326,0.259,1989,0.251448943,0.27,-0.018551057,,0.018551057,
35,12,0.291,0.232,1987,0.242596924,0.23,0.012596924,,0.012596924,
75,23,0.317,0.273,1992,0.260093212,0.29,-0.029906788,,0.029906788,
45,11,0.349,0.3,1990,0.245967769,0.304,-0.058032231,,0.058032231,
69,14,0.36,0.277,1984,0.260222302,0.267,-0.006777698,,0.006777698,
67,20,0.341,0.272,1988,0.258780039,0.262,-0.003219961,,0.003219961,
11,2,0.277,0.215,1983,0.23160598,0.2,0.03160598,,0.03160598,
2,1,0.094,0.094,1985,0.222087147,0.1,0.122087147,,0.122087147,
14,4,0.269,0.173,1991,0.228708572,0.216,0.012708572,,0.012708572,
52,16,0.331,0.265,1990,0.250022565,0.274,-0.023977435,,0.023977435,
29,7,0.289,0.256,1988,0.237875592,0.209,0.028875592,,0.028875592,
18,6,0.287,0.207,1990,0.232000504,0.188,0.044000504,,0.044000504,
35,11,0.331,0.212,1992,0.240355302,0.248,-0.007644698,,0.007644698,
71,7,0.384,0.305,1983,0.259727385,0.282,-0.022272615,,0.022272615,
53,10,0.347,0.288,1990,0.248703888,0.254,-0.005296112,,0.005296112,
80,41,0.333,0.209,1993,0.268199515,0.206,0.062199515,,0.062199515,
100,36,0.454,0.32,1983,0.283107211,0.284,-0.000892789,,0.000892789,
22,6,0.326,0.266,1989,0.235142217,0.26,-0.024857783,,0.024857783,
6,1,0.203,0.148,1984,0.226886305,0.119,0.107886305,,0.107886305,
58,14,0.326,0.255,1986,0.253847073,0.251,0.002847073,,0.002847073,
74,13,0.313,0.256,1993,0.255438843,0.288,-0.032561157,,0.032561157,
6,2,0.245,0.144,1992,0.223756642,0.265,-0.041243358,,0.041243358,
102,33,0.354,0.304,1987,0.278060929,0.265,0.013060929,,0.013060929,
81,24,0.41,0.346,1990,0.266387846,0.316,-0.049612154,,0.049612154,
54,6,0.288,0.255,1990,0.246159914,0.269,-0.022840086,,0.022840086,
11,4,0.248,0.17,1984,0.230988676,0.143,0.087988676,,0.087988676,
37,5,0.297,0.259,1994,0.237065669,0.288,-0.050934331,,0.050934331,
40,10,0.347,0.288,1989,0.244155925,0.249,-0.004844075,,0.004844075,
83,29,0.374,0.318,1992,0.26686146,0.27,-0.00313854,,0.00313854,
47,16,0.339,0.272,1987,0.249980941,0.25,-1.90591E-05,,1.90591E-05,
10,3,0.255,0.201,1988,0.228192622,0.204,0.024192622,,0.024192622,
4,2,0.286,0.231,1989,0.225753597,0.162,0.063753597,,0.063753597,
15,3,0.296,0.25,1989,0.230611495,0.339,-0.108388505,,0.108388505,
6,0,0.167,0.14,1991,0.221723648,0.175,0.046723648,,0.046723648,
90,38,0.355,0.27,1986,0.275679993,0.242,0.033679993,,0.033679993,
71,21,0.415,0.322,1984,0.264920506,0.312,-0.047079494,,0.047079494,
11,3,0.313,0.225,1992,0.227761048,0.134,0.093761048,,0.093761048,
11,1,0.332,0.258,1990,0.228684976,0.207,0.021684976,,0.021684976,
85,28,0.308,0.25,1983,0.270722482,0.249,0.021722482,,0.021722482,
49,20,0.299,0.22,1990,0.249414839,0.179,0.070414839,,0.070414839,
18,5,0.345,0.26,1993,0.231422587,0.26,-0.028577413,,0.028577413,
39,15,0.338,0.276,1990,0.244728891,0.217,0.027728891,,0.027728891,
42,16,0.3,0.256,1989,0.245870489,0.252,-0.006129511,,0.006129511,
13,3,0.364,0.26,1991,0.230379054,0.21,0.020379054,,0.020379054,
110,43,0.336,0.247,1987,0.284129196,0.247,0.037129196,,0.037129196,
71,19,0.333,0.244,1987,0.260351474,0.208,0.052351474,,0.052351474,
42,4,0.376,0.285,1990,0.242954701,0.249,-0.006045299,,0.006045299,
73,29,0.409,0.295,1992,0.263778585,0.272,-0.008221415,,0.008221415,
50,19,0.351,0.283,1983,0.254837348,0.271,-0.016162652,,0.016162652,
59,30,0.315,0.211,1993,0.255579457,0.238,0.017579457,,0.017579457,
88,27,0.323,0.249,1987,0.269636562,0.221,0.048636562,,0.048636562,
33,9,0.316,0.27,1991,0.239118139,0.271,-0.031881861,,0.031881861,
85,38,0.353,0.246,1987,0.273078474,0.186,0.087078474,,0.087078474,
53,12,0.36,0.288,1988,0.250893586,0.321,-0.070106414,,0.070106414,
49,15,0.363,0.3,1986,0.25161696,0.308,-0.05638304,,0.05638304,
65,22,0.294,0.199,1985,0.259170449,0.199,0.060170449,,0.060170449,
7,2,0.176,0.146,1991,0.223023865,0.248,-0.024976135,,0.024976135,
6,3,0.288,0.235,1990,0.226361558,0.213,0.013361558,,0.013361558,
76,24,0.281,0.23,1992,0.25988827,0.27,-0.01011173,,0.01011173,
124,37,0.376,0.312,1990,0.286831167,0.28,0.006831167,,0.006831167,
40,10,0.325,0.249,1990,0.242996229,0.255,-0.012003771,,0.012003771,
14,5,0.262,0.208,1989,0.23005218,0.249,-0.01894782,,0.01894782,
97,30,0.352,0.267,1983,0.277250559,0.248,0.029250559,,0.029250559,
12,2,0.279,0.25,1983,0.23207655,0.244,-0.01192345,,0.01192345,
90,23,0.377,0.303,1989,0.269278929,0.247,0.022278929,,0.022278929,
69,23,0.384,0.241,1985,0.263409255,0.257,0.006409255,,0.006409255,
64,19,0.316,0.231,1980,0.261166064,0.283,-0.021833936,,0.021833936,
68,25,0.335,0.243,1984,0.263066596,0.208,0.055066596,,0.055066596,
52,10,0.288,0.225,1986,0.249071529,0.238,0.011071529,,0.011071529,
69,19,0.312,0.243,1993,0.255568952,0.224,0.031568952,,0.031568952,
5,1,0.212,0.161,1984,0.226733238,0.243,-0.016266762,,0.016266762,
53,19,0.32,0.271,1991,0.250638563,0.227,0.023638563,,0.023638563,
52,9,0.357,0.299,1987,0.249940963,0.309,-0.059059037,,0.059059037,
68,27,0.384,0.279,1993,0.259873758,0.243,0.016873758,,0.016873758,
60,16,0.329,0.249,1983,0.257143205,0.299,-0.041856795,,0.041856795,
26,1,0.361,0.29,1989,0.235823128,0.252,-0.016176872,,0.016176872,
77,28,0.352,0.264,1993,0.262958177,0.199,0.063958177,,0.063958177,
72,33,0.442,0.306,1991,0.266212545,0.312,-0.045787455,,0.045787455,
64,25,0.331,0.251,1991,0.257371861,0.201,0.056371861,,0.056371861,
38,12,0.33,0.276,1989,0.2436443,0.202,0.0416443,,0.0416443,
79,22,0.326,0.246,1985,0.265548106,0.245,0.020548106,,0.020548106,
102,24,0.344,0.264,1992,0.271742147,0.346,-0.074257853,,0.074257853,
119,39,0.375,0.288,1980,0.291158355,0.256,0.035158355,,0.035158355,
101,26,0.32,0.272,1992,0.271454927,0.298,-0.026545073,,0.026545073,
21,6,0.298,0.251,1990,0.23347944,0.234,-0.00052056,,0.00052056,
35,9,0.272,0.244,1983,0.243361622,0.241,0.002361622,,0.002361622,
76,8,0.354,0.275,1983,0.261277257,0.297,-0.035722743,,0.035722743,
130,37,0.373,0.309,1991,0.28848996,0.297,-0.00851004,,0.00851004,
56,14,0.325,0.281,1991,0.250177458,0.255,-0.004822542,,0.004822542,
0,0,0.21,0.125,1989,0.221583714,0.197,0.024583714,,0.024583714,
120,36,0.404,0.297,1987,0.287328706,0.29,-0.002671294,,0.002671294,
6,2,0.225,0.198,1985,0.227256495,0.167,0.060256495,,0.060256495,
15,5,0.272,0.223,1987,0.23183221,0.205,0.02683221,,0.02683221,
59,22,0.285,0.238,1991,0.253159357,0.245,0.008159357,,0.008159357,
45,9,0.361,0.246,1989,0.246077831,0.273,-0.026922169,,0.026922169,
2,0,0.286,0.245,1991,0.223181627,0.077,0.146181627,,0.146181627,
38,8,0.291,0.207,1988,0.241759307,0.168,0.073759307,,0.073759307,
97,23,0.338,0.28,1982,0.275029493,0.303,-0.027970507,,0.027970507,
38,17,0.36,0.255,1984,0.249009238,0.222,0.027009238,,0.027009238,
36,3,0.314,0.292,1992,0.237565025,0.28,-0.042434975,,0.042434975,
75,30,0.252,0.204,1994,0.259708306,0.253,0.006708306,,0.006708306,
35,13,0.343,0.221,1983,0.246523299,0.194,0.052523299,,0.052523299,
52,17,0.336,0.268,1983,0.254528847,0.254,0.000528847,,0.000528847,
62,9,0.286,0.237,1988,0.251468238,0.226,0.025468238,,0.025468238,
12,3,0.294,0.217,1990,0.228804538,0.194,0.034804538,,0.034804538,
108,36,0.358,0.303,1984,0.283236989,0.264,0.019236989,,0.019236989,
80,27,0.297,0.268,1990,0.264125125,0.235,0.029125125,,0.029125125,
39,7,0.29,0.225,1989,0.241216129,0.177,0.064216129,,0.064216129,
97,27,0.342,0.295,1990,0.271972349,0.31,-0.038027651,,0.038027651,
67,30,0.307,0.233,1990,0.260282177,0.255,0.005282177,,0.005282177,
78,22,0.357,0.261,1982,0.267668715,0.264,0.003668715,,0.003668715,
63,16,0.338,0.3,1990,0.254575593,0.278,-0.023424407,,0.023424407,
31,7,0.333,0.275,1988,0.239767739,0.277,-0.037232261,,0.037232261,
39,9,0.342,0.235,1991,0.242084496,0.267,-0.024915504,,0.024915504,
3,2,0.161,0.13,1988,0.222797576,0.122,0.100797576,,0.100797576,
78,30,0.351,0.239,1989,0.266310893,0.22,0.046310893,,0.046310893,
0,0,0.107,0.091,1986,0.220733234,0.19,0.030733234,,0.030733234,
22,5,0.389,0.288,1989,0.236362025,0.266,-0.029637975,,0.029637975,
57,16,0.293,0.244,1989,0.251595939,0.2,0.051595939,,0.051595939,
1,0,0.282,0.187,1991,0.222647876,0.259,-0.036352124,,0.036352124,
101,31,0.349,0.273,1990,0.275101271,0.241,0.034101271,,0.034101271,
45,11,0.338,0.284,1993,0.243953099,0.271,-0.027046901,,0.027046901,
44,7,0.347,0.27,1991,0.243497325,0.248,-0.004502675,,0.004502675,
49,12,0.378,0.281,1986,0.250906152,0.227,0.023906152,,0.023906152,
47,10,0.324,0.255,1978,0.252619897,0.251,0.001619897,,0.001619897,
74,30,0.328,0.243,1990,0.263583275,0.253,0.010583275,,0.010583275,
21,5,0.319,0.271,1992,0.23252684,0.23,0.00252684,,0.00252684,
52,18,0.307,0.271,1991,0.249561847,0.267,-0.017438153,,0.017438153,
62,10,0.343,0.273,1992,0.250986001,0.288,-0.037013999,,0.037013999,
82,18,0.312,0.273,1982,0.266710545,0.261,0.005710545,,0.005710545,
56,14,0.309,0.232,1987,0.252032042,0.266,-0.013967958,,0.013967958,
64,18,0.314,0.255,1987,0.256762941,0.226,0.030762941,,0.030762941,
74,28,0.346,0.263,1990,0.263349171,0.267,-0.003650829,,0.003650829,
58,22,0.308,0.247,1988,0.255080224,0.241,0.014080224,,0.014080224,
59,12,0.319,0.267,1992,0.249906319,0.242,0.007906319,,0.007906319,
63,24,0.385,0.297,1985,0.261470973,0.219,0.042470973,,0.042470973,
4,0,0.246,0.21,1983,0.227436805,0.234,-0.006563195,,0.006563195,
